<?xml version="1.0" encoding="UTF-8"?>
<project-private xmlns="http://www.netbeans.org/ns/project-private/1">
    <editor-bookmarks xmlns="http://www.netbeans.org/ns/editor-bookmarks/2" lastBookmarkId="0"/>
    <open-files xmlns="http://www.netbeans.org/ns/projectui-open-files/2">
        <group>
            <file>file:/C:/Users/laris/workspace/tads-pig/src/aula09_03_18/view/PessoaPesquisarTela.java</file>
            <file>file:/C:/Users/laris/workspace/tads-pig/src/aula09_03_18/model/Pessoa.java</file>
            <file>file:/C:/Users/laris/workspace/tads-pig/src/aula09_03_18/view/PessoaVisualizarTela.java</file>
            <file>file:/C:/Users/laris/workspace/tads-pig/src/aula09_03_18/view/PessoaAlterarTela.java</file>
            <file>file:/C:/Users/laris/workspace/tads-pig/src/aula09_03_18/view/PessoaTableModel.java</file>
            <file>file:/C:/Users/laris/workspace/tads-pig/src/aula09_03_18/view/PessoaCadastrarTela.java</file>
        </group>
    </open-files>
</project-private>
